Cell Name,Predicted Cluster
GGACGTAGTTGACTAT,0
GTCCTGCCACTTCTAC,2
GGCCAGAGCATCAAGC,1
ATGCCTGGTCCATTGG,5
AGTACCATTCAGATAC,3
TTGGCCTCCCTCGTTG,2
GAAGGCGCTACTAAGT,3
GAAGGCGCGTTCAGAA,2
ATGCCTGGTCGGAGTT,3
GCCTTGCTTGGACTGC,3
CCTCTAGACTTCTTAC,2
GTCCTGCCATCCGCGA,2
AGTACCATAGAGAGCC,2
GGACGTAGCCTCGTTG,2
ACGACTTCCTTCTTAC,1
AGTACCATACTTCTAC,1
GTTAGGACGTAGAATG,2
AGTACCATCAATCTTG,3
GTTAGGACCTTCTTAC,2
GGCCAGAGACCATTAT,2
GCCTTGCTCTTCTTAC,3
CTTCATGATCAGATAC,2
TTGGCCTCGTTCAGAA,3
ACGACTTCCCTTGAGC,2
GTTAGGACCATCAAGC,2
GCCTTGCTTCGCTAGG,2
TTAGAAGTACCATTAT,1
TTGGCCTCCGTTGGTT,2
AATGGTAATTGACTAT,2
GTACCGTATCAGATAC,2
ATGCCTGGACCATTAT,2
ACGACTTCTCCAGACT,1
AAGTTCGTACCATTAT,1
GGACGTAGTGGCGGTT,3
TTAGAAGTCGTTGGTT,1
AAGTTCGTTTCAAGCC,3
TTAGAAGTCTTAGTTC,3
GCCTTGCTGTTCAACT,1
AATGGTAACGTTGGTT,1
GGACGTAGTCCTTATT,1
GTCCTGCCTGGCGGTT,2
GGACGTAGCAATCTTG,1
GGACGTAGCTGAGGTT,3
GTTAGGACGTTCAACT,2
CCAGAGCGCTATCGTT,3
GTTAGGACTGGCGGTT,2
CTTCATGATGCAGTTG,1
GAAGGCGCCGAGCTTC,1
GGCCAGAGTCCTTATT,1
GCCTTGCTTACTAAGT,1
CCTCTAGACCGTTGCG,1
TTGGCCTCAGAGAGCC,3
GAAGGCGCCGTTGGTT,2
TTGGCCTCTCCAGACT,3
TTAGAAGTCCTGAAGG,2
GTTAGGACTCGCTAGG,2
AATGGTAATGGACTGC,2
AATGGTAAGTTCAGAA,2
CTTCATGATGGACTGC,2
ATGCCTGGATCCGCGA,5
AAGTTCGTGTTCAGAA,1
AATGGTAAAGAGAGCC,2
GGACGTAGAGGACTCA,1
CTTCATGAAATATTCG,1
GTTAGGACAGAGAGCC,2
CCAGAGCGTTGACTAT,1
AGTACCATCCTTGAGC,2
AAGTTCGTTCGGAGTT,1
CCTCTAGAAGAGAGCC,1
GTACCGTACGTTGGTT,1
AAGTTCGTTCGCTAGG,2
AATGGTAATCGCTAGG,1
AATGGTAACTATCGTT,2
CTTCATGAAGGACTCA,3
CCAGAGCGTCGGAGTT,2
CCAGAGCGTCAGATAC,1
GGCCAGAGACTTCTAC,3
GTTAGGACTCGGAGTT,1
GTACCGTATTGACTAT,3
AAGTTCGTAGAAGTAA,3
GAAGGCGCTCGCTAGG,2
GAAGGCGCTCGGAGTT,2
AAGTTCGTCGAGCTTC,2
GTTAGGACTGCAGTTG,2
GCCTTGCTAGAAGTAA,2
AAGTTCGTTATTGAAC,1
GGCCAGAGAATATTCG,1
GTTAGGACTATTGAAC,3
CTTCATGATATTGAAC,2
GAAGGCGCCCTCGTTG,2
TTGGCCTCTTCAAGCC,2
AGTACCATTGCAGTTG,3
GCCTTGCTGTAGAATG,1
ATGCCTGGCTATCGTT,3
GTACCGTATATTGAAC,3
ACGACTTCTTGACTAT,1
GGAGAGTTAGGACTCA,2
CCAGAGCGAGAAGTAA,2
AATGGTAATCCTTATT,3
GGAGAGTTAGAAGTAA,3
AATGGTAAAGAAGTAA,3
AGGTCGGAAGCATTGA,3
TTCCGTCTACCGAATT,5
TATCAGTTCAATAGTC,5
TATCAGTTTCAGATAC,3
GGTTGCGTCAATGGAT,2
TAGTACGGCCGTTGCG,3
AAGAGCGCCTATCGTT,3
AGGTCGGAAACTTAAC,3
AAGAGCGCAGGACTCA,5
CAAGGCCTCATAGGCG,2
TTGGTACCTGAACCTT,2
TTCGTAATAGAGAGCC,3
CTTGATAGAGCATTGA,3
TATCAGTTTTCTGGTT,2
TTCCGTCTCGACGTTA,3
GTTAGCCGAGGACTCA,4
GGTTGCGTCGAGCTTC,2
CATGATTCAGACCGTT,4
AATATATCTTCTGGTT,4
TTCGTAATCAATGGAT,2
TTCGTAATAGAAGTAA,3
TATCAGTTGTCTTCTT,2
CTTGATAGCGATATCC,3
GACGATAACAATTCGG,4
TTGGTACCCCTTGAGC,3
CAAGGCCTAGAGAGCC,2
GACGATAACTGAGGTT,5
CATGATTCGTCTTCTT,5
AAGAGCGCAGCATTGA,2
GACGATAAAATAAGGT,2
CATGATTCCAATGGAT,4
AATATATCAGGCCAAG,3
TTCCGTCTCCTTGAGC,4
TTCCGTCTAGACCGTT,2
GGCATATAAATAAGGT,3
GACGGAGACTGAGGTT,2
AGGTCGGAACCGAATT,2
TTCCGTCTAGAAGTAA,3
GACGATAACGATATCC,2
CAAGGCCTCCGTTGCG,4
TTGGTACCTCCATTGG,2
GACGATAACTATCGTT,2
GACGATAAAGAGAGCC,2
TATCAGTTAATATTCG,3
GCCTGAACTGCAGTTG,3
CATGATTCAGAAGTAA,2
GCCTGAACAGAGAGCC,5
AAGAGCGCCGAGCTTC,3
GGTTGCGTTCCTTATT,5
CAAGGCCTAATAAGGT,2
AATATATCACTTCTAC,2
CTTGATAGCATAGGCG,1
CAAGGCCTAACTTAAC,2
TAGTACGGTGAACCTT,3
CATGATTCTCAGATAC,2
CTTGATAGTCATGCTG,5
AATATATCAACTTAAC,2
AGGTCGGAAGTCTCCG,4
TTCCGTCTTAGATGAC,2
TATCAGTTAATAAGGT,5
TTCCGTCTAGAGAGCC,4
CAAGGCCTTCCTTATT,2
TTGGTACCCATAGGCG,3
TAGTACGGCGACGTTA,2
AAGAGCGCTCATGCTG,1
TTCCGTCTCTGAGGTT,2
CATGATTCAGCATTGA,1
GCCTGAACTCATGCTG,4
CATGATTCTGAACCTT,2
TAGTACGGTCCATTGG,3
AATATATCTCCATTGG,1
GACGGAGATTCTGGTT,4
TTCCGTCTCAATGGAT,2
GCCTGAACCGATATCC,2
AAGAGCGCAGAGAGCC,5
GCCTGAACTTCTGGTT,5
TTCGTAATAATAAGGT,3
CAAGGCCTACCATTAT,4
TTCGTAATACCATTAT,3
TAGTACGGCTATCGTT,4
AGGTCGGAAATATTCG,2
TATCAGTTTGAACCTT,3
AATATATCTCCTTATT,3
CTTGATAGAACTTAAC,3
AGGTCGGACTGAGGTT,3
TTCCGTCTCATAGGCG,3
GGTTGCGTCGACGTTA,2
TTCGTAATAACTTAAC,2
TTCGTAATCTGAGGTT,2
CTTGATAGTTCTGGTT,4
TAGTACGGTCAGATAC,1
TTCGTAATACTTCTAC,1
TAGTACGGAGGCCAAG,5
CATTGCAGTTGCCGCT,2
GCCTGAACGTTCAGAA,3
GACGATAACAATAGTC,2
AATATATCTGCAGTTG,2
GTTAGCCGTTCTGGTT,4
TTGGTACCAGTCTCCG,3
TAGTACGGGTTCAGAA,3
GGTTGCGTGTTCAGAA,1
GTTAGCCGCAATAGTC,2
GACGGAGATTGCCGCT,2
GTTAGCCGCTATCGTT,5
CATGATTCTCCATTGG,2
TTCCGTCTAATATTCG,3
TTGGTACCCTGAGGTT,2
TAGTACGGTTGCCGCT,2
TAGTACGGAATATTCG,2
CAAGGCCTAGTCTCCG,3
CAAGGCCTTGCAGTTG,3
GACGGAGAACCATTAT,2
GACGGAGAAGCATTGA,3
TAGTACGGTCCTTATT,5
TAGTACGGAGAGAGCC,3
TTGGTACCAGGACTCA,4
GGTTGCGTCATAGGCG,3
TATCAGTTAGTCTCCG,2
GGCATATACAATTCGG,2
GACGGAGAAGAGAGCC,2
TAGTACGGCAATGGAT,2
GGCATATATGAACCTT,2
CATGATTCTTCTGGTT,2
CATGATTCCGATATCC,3
GACGATAACCTTGAGC,3
AGGTCGGACAATTCGG,2
TTCCGTCTACCATTAT,2
TAGTACGGACTTCTAC,2
CTTGATAGAGAGAGCC,2
GACGATAACGAGCTTC,3
TATCAGTTCTATCGTT,2
GACGATAATCCTTATT,2
AAGAGCGCCGATATCC,3
TTCCGTCTCGATATCC,3
TCCTCCGTCTTGAGTT,5
CGAGGCAGAGCATTGA,4
ATTCTCTTAGTCTCCG,5
ACGTTATGTTAGGCGG,4
CTAGGACCAGATTCAT,5
AGTCCGCATGCCTACG,5
GGAGGACGAATAAGGT,5
ACCAATGCTTCTGGTT,5
GGAGGACGCAGGACCA,5
ATTCTCTTTCATGCTG,6
TCAATATAAGATTCAT,5
GTCTTAGCCAATGGAT,5
ACCAATGCAGACCGTT,4
GGAGGACGAGTCTCCG,5
TGAGCGCGTCATGCTG,6
ACGTTATGAGAACCGC,5
AATCCGTCCTTGAGTT,5
GGAGGACGAATTACCA,4
ACGTATTACAGGACCA,5
ACGTATTAAGCATTGA,4
ACCAATGCAGTCTCCG,6
TGAGCGCGTTGCGGAC,3
GGACCTCTAGATTCAT,1
GGACCTCTATACTTGA,3
TGAGCGCGAGACCGTT,4
CATAACCTCAATGGAT,3
ACCTCGAGGTCTTCTT,5
GTCTTAGCTTCTGGTT,4
AGTCCGCAAGTCTCCG,4
ACGTATTAAACTCCGG,5
CGAGGCAGTTCTGGTT,5
CGTATGAAAGACCGTT,5
GGAGGACGTTAGGCGG,5
ATTCTCTTGGTCTGGT,4
ATTCTCTTAGACCGTT,4
ACGTTATGATCTGACC,5
ACGTTATGTTGGAGAG,4
ACGTATTAAGATTCAT,2
CGAGGCAGTTGGAGAG,5
ACGTATTACTTGAGTT,5
ATTCTCTTAGATTCAT,4
ACCTCGAGAGGCCAAG,1
CGTATGAAAACTTAAC,4
ACCTCGAGCGTTACTC,4
GGAGGACGAGGCCAAG,5
CGTATGAAAGGCCAAG,6
CATAACCTGTTCGGTT,1
ACCAATGCAGAACCGC,6
TTATTCGACAATAGTC,4
AATCCGTCTTCTGGTT,5
CGTATGAAAATTACCA,1
CGTATGAAATACTTGA,4
CATAACCTTTCGACCT,4
GGAGGACGTGCCTACG,5
GGACCTCTCATAGGCG,4
AATCCGTCAATTACCA,5
TGAGCGCGCAATGGAT,6
CATAACCTTTGCGGAC,5
GTCTTAGCCGTTACTC,5
TCCTCCGTGTTCGGTT,4
CTAGGACCTTAGGCGG,5
CTAGGACCGTCTTCTT,2
TTATTCGAATCTGACC,4
CGTATGAACATAGGCG,3
CGAGGCAGTCATGCTG,5
GGAGGACGCGACGTTA,4
ACGTTATGTTCTGGTT,4
CATAACCTAGTCTCCG,2
GTCTTAGCCGTTCCGA,1
ACCTCGAGCGACGTTA,2
CGTATGAAAGTCTCCG,2
GGAGGACGCAATGGAT,3
TTATTCGACGACGTTA,4
AATCCGTCGTCTTCTT,4
ACGTATTACAATGGAT,4
ACCTCGAGATACTTGA,4
ATTCTCTTAGAACCGC,3
CATAACCTCAATAGTC,3
CAACCGCGCAGGACCA,5
TCGCATCTTGGCGGTT,3
ACTATACTAATTACCA,4
ATGACCGATTGACTAT,5
CGGATTACCTTGAGTT,6
CGGATTACTCGCTAGG,4
CGTACGTCCAATCTTG,2
TCGCATCTCGTTGGTT,4
CCATGAAGTCGCTAGG,4
CCAATTCCATCCGCGA,1
ACTATACTTAGGCTCT,1
AACTCGTACGTTACTC,5
TTCTAATGTTAGGCGG,5
ATGACCGAAATTACCA,1
CCGCAACGGTTCAACT,5
TCCAACTTGTTCAACT,1
CGGATTACCAATCTTG,5
TCGCCTGAAATTACCA,3
TTCTAATGCAGGACCA,4
ATGACCGATGGCGGTT,3
TCGCCTGAGTTCGGTT,3
ACTATACTCAGGACCA,4
TTCTAATGAGAACCGC,5
TTGGTTAATGGACTGC,5
ACGTAAGTAATTACCA,5
CAACCGCGTTCGACCT,5
CCGCAACGATACTTGA,5
TTCTAATGCGTTACTC,5
CAACCGCGTTCAAGCC,5
ATGACCGATTGGAGAG,4
TTCTAATGTTCAAGCC,4
CCATGAAGGTAGAATG,1
CCGCAACGGTAGAATG,5
TCGCCTGATTCAAGCC,3
TTCTAATGAATTACCA,4
TCGCCTGAAACTCCGG,4
TTGGTTAAGTAGAATG,3
ATGACCGAAGATTCAT,4
GACCGGAAAATTACCA,5
TGCTTCGCTATTGAAC,5
TGGACGAGCGTTCCGA,2
TCGCATCTCAATCTTG,4
TGGACGAGCTTCTTAC,4
TGCTTCGCTTAGGCGG,1
TCCAACTTTGCCTACG,5
ATGACCGACGTTGGTT,4
ACGTAAGTATCCGCGA,4
AACTCGTACATCAAGC,2
CCAATTCCCTTGAGTT,5
CCGCAACGAATTACCA,5
CGTACGTCATCCGCGA,5
CCAATTCCCATCAAGC,4
ATGACCGACGTTCCGA,5
CGGATTACCAGGACCA,4
TTCTAATGGTTCGGTT,5
TCGCATCTAACTCCGG,5
ACTATACTCCTGAAGG,5
TTCTAATGGTTCAACT,4
CCAATTCCGTTCGGTT,4
TGCTTCGCCCTGAAGG,4
TCCAACTTCTTGAGTT,5
ATGACCGATTCGACCT,5
CCAATTCCTTGGAGAG,5
TTCTAATGCCTGAAGG,2
TCGCATCTCAGGACCA,2
ACGTAAGTTGGCGGTT,5
TTGGTTAATTGACTAT,5
CCGCAACGTTAGGCGG,4
TCCAACTTAGAACCGC,5
TGCTTCGCAACTCCGG,3
TCGCCTGATATTGAAC,3
CCATGAAGCGTTACTC,3
TGCTTCGCATCCGCGA,5
CCGCAACGCATCAAGC,5
TGGACGAGAACTCCGG,5
TCCAACTTTAGGCTCT,1
ACGTAAGTATCTGACC,3
CCAATTCCGTTCAACT,5
TTGGTTAATATTGAAC,4
ATGACCGACTTGAGTT,1
ACGTAAGTGTTCAACT,3
TCGCCTGACGTTGGTT,1
CGTACGTCCCTGAAGG,4
CCATGAAGCTTAGTTC,5
ACTATACTCCTCGTTG,5
TCCAACTTTTCAAGCC,5
TGCTTCGCCTTGAGTT,3
CAACCGCGATACTTGA,5
TTCTAATGCTTAGTTC,5
TCGCATCTTAGGCTCT,5
CCGCAACGAGAACCGC,5
GACCGGAACGTTCCGA,5
CCAATTCCCGTTGGTT,5
TTGGTTAACGTTCCGA,3
TCCAACTTATACTTGA,1
TTCTAATGTGGACTGC,2
TTGGTTAATCGGAGTT,4
CAACCGCGCATCAAGC,5
TCCAACTTTATTGAAC,2
TGGACGAGCTTAGTTC,3
ATGACCGAATACTTGA,3
CGTACGTCTGCCTACG,5
CCAATTCCCTTAGTTC,5
TGCTTCGCTTCAAGCC,5
CGGATTACTTGACTAT,5
CGGATTACAACTCCGG,5
TGGACGAGTGGACTGC,2
ATGACCGATCGGAGTT,5
TGCTTCGCTCGGAGTT,5
CAACCGCGTGCCTACG,5
TCGCCTGAGTTCAACT,4
CCGCAACGTGGACTGC,5
AACTCGTACCTGAAGG,3
TGGACGAGCCTGAAGG,3
ACTATACTTCCAGACT,3
CGTACGTCTCGGAGTT,5
AACTCGTAATACTTGA,5
GTCCTGCCTTCTGGTT,2
GTCCTGCCTAGGCTCT,2
ACGACTTCAATTACCA,3
GTACCGTAAGGCCAAG,2
GCCTTGCTAGAACCGC,2
AATGGTAATTGGAGAG,2
AATGGTAATAGGCTCT,2
GGAGAGTTTTAGGCGG,2
AGTACCATTCATGCTG,2
GTCCTGCCACCGAATT,2
GTCCTGCCTTGCCGCT,2
AATGGTAAAGCATTGA,2
GAAGGCGCAATTACCA,3
GCCTTGCTGGTCTGGT,2
TTAGAAGTCAATTCGG,3
CCTCTAGAAATTACCA,2
GTACCGTAAACTTAAC,3
CTTCATGACAATAGTC,2
CCAGAGCGTTGCGGAC,2
ACGACTTCAACTTAAC,1
GAAGGCGCCAGGACCA,2
GGACGTAGAGTCTCCG,2
GGCCAGAGACCGAATT,2
ATGCCTGGAGGCCAAG,2
AATGGTAAAATTACCA,2
GTTAGGACAACTTAAC,2
GTTAGGACAGCATTGA,1
CCAGAGCGGTTCGGTT,2
GCCTTGCTCAGGACCA,2
CCAGAGCGCATAGGCG,2
CCAGAGCGGTCTTCTT,2
CCTCTAGACGACGTTA,3
AAGTTCGTCAATTCGG,5
CTTCATGAAATAAGGT,2
GTACCGTACGTTACTC,3
GTTAGGACGGTCTGGT,2
CTTCATGAGTTCGGTT,2
TTAGAAGTAGATTCAT,3
GTCCTGCCAACTCCGG,1
AATGGTAAAGGCCAAG,1
TTAGAAGTTTCGACCT,2
GCCTTGCTCAATAGTC,2
GTACCGTAAGATTCAT,2
CTTCATGAGTCTTCTT,1
TTAGAAGTAGAACCGC,1
GTTAGGACATCTGACC,3
GCCTTGCTCTTGAGTT,2
ATGCCTGGAGTCTCCG,2
ATGCCTGGGTTCGGTT,2
GTTAGGACTTGGAGAG,2
GGCCAGAGAGATTCAT,2
GTACCGTAAATAAGGT,2
GGAGAGTTAATTACCA,2
CTTCATGAATCTGACC,2
AATGGTAATTCGACCT,2
GGAGAGTTAGCATTGA,3
GTTAGGACTCATGCTG,2
GGAGAGTTAACTTAAC,2
GGACGTAGAGGCCAAG,3
ATGCCTGGAACTTAAC,2
ACGACTTCTAGGCTCT,1
GGAGAGTTACCGAATT,3
GTACCGTACGACGTTA,2
GCCTTGCTAACTTAAC,1
TTAGAAGTAATTACCA,1
AAGTTCGTTTGGAGAG,3
AGTACCATAGATTCAT,2
GGACGTAGCATAGGCG,2
GTACCGTAGTTCGGTT,2
GTCCTGCCCGATATCC,2
GCCTTGCTTTGGAGAG,2
GTCCTGCCATCTGACC,2
ACGACTTCCAATAGTC,2
GGAGAGTTCTTGAGTT,2
GGAGAGTTTCATGCTG,3
GGACGTAGGTCTTCTT,3
AATGGTAAAACTCCGG,2
AAGTTCGTAGATTCAT,1
ATGCCTGGTTGGAGAG,2
AAGTTCGTCAGGACCA,3
TTGGCCTCAATAAGGT,3
AAGTTCGTCTTGAGTT,3
GGAGAGTTAGGCCAAG,3
GGAGAGTTCGATATCC,3
CATTGCAGCAATCTTG,3
GTTAGCCGCGTTACTC,3
GACGGAGAATCTGACC,3
CAAGGCCTCGTTACTC,2
TTCGTAATGTTCGGTT,2
TTCCGTCTCAATCTTG,3
TTCCGTCTCTTGAGTT,4
CATGATTCCGTTACTC,4
TAGTACGGTTGGAGAG,3
AATATATCTTGGAGAG,4
TAGTACGGAACTCCGG,3
CATGATTCTTCGACCT,3
GGCATATATGGACTGC,3
GACGATAATTGCGGAC,3
CATTGCAGTTCAAGCC,3
GACGATAAAGATTCAT,2
GACGGAGACTTCTTAC,5
AGGTCGGAATCCGCGA,1
GGTTGCGTTCCAGACT,3
CATGATTCCGTTGGTT,3
TTCCGTCTCAGGACCA,3
AATATATCCGTTGGTT,2
GACGATAATTAGGCGG,2
TTCGTAATTGGCGGTT,2
TAGTACGGCATCAAGC,1
AAGAGCGCGTTCAACT,3
GGCATATATTGCGGAC,3
GACGATAATGCCTACG,4
GACGGAGAAATTACCA,3
CAAGGCCTTTAGGCGG,3
GTTAGCCGTCGGAGTT,3
AAGAGCGCTAGGCTCT,2
TTGGTACCTTGGAGAG,3
AGGTCGGATCGCTAGG,5
GTTAGCCGTTGACTAT,3
GACGGAGATTGACTAT,2
TAGTACGGTCGGAGTT,2
AAGAGCGCCTTGAGTT,3
TATCAGTTCAATCTTG,2
TTGGTACCTTGACTAT,2
AATATATCTTGCGGAC,3
AATATATCCGTTACTC,3
TTCGTAATTTGCGGAC,2
AGGTCGGATTAGGCGG,3
CTTGATAGAGATTCAT,2
TTGGTACCCTTCTTAC,3
CAAGGCCTCAATCTTG,4
TTCCGTCTTCGCTAGG,2
AATATATCTCCAGACT,2
AATATATCCATCAAGC,4
TTCCGTCTTTGGAGAG,4
TTCCGTCTCATCAAGC,3
TTGGTACCCAGGACCA,2
AGGTCGGACTTAGTTC,4
TTCCGTCTCCTCGTTG,3
CTTGATAGCGTTCCGA,2
CATTGCAGATCTGACC,3
TTGGTACCTCGGAGTT,3
TTGGTACCGGTCTGGT,4
GACGGAGATCGGAGTT,2
CTTGATAGTCGCTAGG,3
TTCCGTCTGGTCTGGT,2
GCCTGAACTTCGACCT,2
GGTTGCGTGTTCAACT,2
AATATATCTCGGAGTT,3
CTTGATAGTCGGAGTT,1
CTTGATAGCGTTGGTT,2
CATTGCAGCCTCGTTG,4
CTTGATAGTTCGACCT,2
GACGATAAAATTACCA,2
TTGGTACCATCCGCGA,2
AAGAGCGCCTTAGTTC,2
TTGGTACCTTCAAGCC,3
CAAGGCCTAACTCCGG,1
GGCATATATCGCTAGG,2
CATGATTCAGATTCAT,2
CTTGATAGTTGACTAT,2
AAGAGCGCCGTTGGTT,2
TTGGTACCGTTCGGTT,2
TTGGTACCTAGGCTCT,2
GACGATAATTCGACCT,5
GACGATAAAACTCCGG,4
TAGTACGGTTCGACCT,5
GCCTGAACTCGGAGTT,2
TTCGTAATCGTTGGTT,2
TTCGTAATGTTCAACT,3
GCCTGAACCCTCGTTG,4
TTGGTACCATACTTGA,2
CATGATTCTGCCTACG,3
CAAGGCCTATACTTGA,2
GTTAGCCGTCGCTAGG,2
CTTGATAGATCCGCGA,1
CATGATTCTGGACTGC,2
TTCGTAATTTCAAGCC,2
CATTGCAGTAGGCTCT,2
GACGATAACTTCTTAC,2
AAGAGCGCTTAGGCGG,2
GCCTGAACCGTTGGTT,2
CATGATTCCTTCTTAC,3
GACGGAGACCTCGTTG,3
GACGATAATCGCTAGG,3
TTGGTACCCGTTACTC,2
TTCGTAATCTTAGTTC,2
TTCCGTCTTGGACTGC,3
CAAGGCCTTTGGAGAG,1
CATGATTCATCCGCGA,2
GACGGAGAAGAACCGC,3
AAGAGCGCCGTTCCGA,2
GACGGAGACATCAAGC,1
GCCTGAACTTGACTAT,1
TTCGTAATCATCAAGC,4
GCCTGAACCTTGAGTT,2
AATATATCGTTCAACT,4
CAAGGCCTTATTGAAC,2
TAGTACGGCGTTACTC,3
AGGTCGGAAATTACCA,2
GTTAGCCGCGTTGGTT,2
TTCCGTCTATCCGCGA,3
TTCCGTCTTTGCGGAC,2
TATCAGTTGTTCGGTT,2
GGTTGCGTCGTTCCGA,2
CAAGGCCTTTGCGGAC,2
TATCAGTTATCCGCGA,3
CAAGGCCTCCTGAAGG,1
GTTAGCCGCTTCTTAC,1
CAAGGCCTCCTCGTTG,2
AGGTCGGAGTAGAATG,2
TATCAGTTTTGGAGAG,3
TTCCGTCTATACTTGA,2
CAAGGCCTGTTCGGTT,2
TTCGTAATATACTTGA,2
TTCGTAATTGGACTGC,2
CATTGCAGGTAGAATG,3
CAAGGCCTCTTCTTAC,2
TTCCGTCTCTTCTTAC,3
GCCTGAACCGTTCCGA,2
GGTTGCGTAACTCCGG,2
TAGTACGGGTAGAATG,3
ACTATACTAATAAGGT,5
TCGCCTGAAGAGAGCC,5
GACCGGAACTATCGTT,2
CCATGAAGCATAGGCG,5
CCAATTCCAATAAGGT,5
ATGACCGATTGCCGCT,2
TCGCCTGATACTAAGT,4
CAACCGCGCATAGGCG,1
CCATGAAGAGACCGTT,2
CAACCGCGACCATTAT,5
CGTACGTCACTTCTAC,2
CCGCAACGAGCATTGA,4
CAACCGCGAATAAGGT,4
TCCAACTTTTCTGGTT,5
TCGCCTGAAGACCGTT,2
TCGCCTGAACCGAATT,6
CGGATTACGTCTTCTT,4
TCGCCTGAAGAAGTAA,5
AACTCGTATTGCCGCT,3
CAACCGCGCGATATCC,6
CCAATTCCAGGCCAAG,4
TTCTAATGTCAGATAC,5
TGCTTCGCACTTCTAC,3
CCGCAACGCTGAGGTT,2
CGTACGTCAATAAGGT,4
TCGCCTGAAGCATTGA,2
CCATGAAGGTCTTCTT,4
CGGATTACACCGAATT,2
GACCGGAAAGAAGTAA,5
TGCTTCGCAATATTCG,1
ACTATACTTCCATTGG,5
CCGCAACGTCAGATAC,3
CCGCAACGAGGCCAAG,5
CCATGAAGTCATGCTG,2
TGCTTCGCACCATTAT,2
ATGACCGAACTTCTAC,4
CAACCGCGCTATCGTT,5
CGGATTACAGAGAGCC,2
ACTATACTCGATATCC,2
CAACCGCGCTGAGGTT,5
TGCTTCGCACCGAATT,5
ATGACCGATCCATTGG,5
ATGACCGAAGCATTGA,2
CCGCAACGCCGTTGCG,2
AACTCGTAACCATTAT,1
TTGGTTAACCTTGAGC,4
CCAATTCCACCGAATT,2
ATGACCGAAATAAGGT,4
TCCAACTTACCGAATT,4
TCGCATCTTTCTGGTT,1
CAACCGCGCCGTTGCG,3
CAACCGCGTTCTGGTT,5
GACCGGAAAGACCGTT,3
TCGCCTGATAGATGAC,4
TGCTTCGCCGACGTTA,2
CAACCGCGCAATAGTC,5
TGGACGAGTCCTTATT,4
TCGCATCTAGTCTCCG,5
TCGCCTGATGCAGTTG,1
CAACCGCGTTGCCGCT,2
TTGGTTAACAATTCGG,1
TTCTAATGTAGATGAC,5
CCGCAACGTACTAAGT,5
CCATGAAGAGGCCAAG,3
ATGACCGAGTCTTCTT,4
ATGACCGAAGGACTCA,2
TGCTTCGCTCAGATAC,5
TCCAACTTAGAAGTAA,2
TTGGTTAAACTTCTAC,2
TTGGTTAACAATAGTC,4
GACCGGAATTCTGGTT,4
TCGCATCTTACTAAGT,3
TCGCCTGACTGAGGTT,5
TCCAACTTAGCATTGA,3
TGCTTCGCTTGCCGCT,1
CCAATTCCAGAGAGCC,5
CCATGAAGAGAGAGCC,5
TCCAACTTAGAGAGCC,3
CCGCAACGCTATCGTT,4
ACGTAAGTCGATATCC,2
TCGCCTGACGACGTTA,3
TCCAACTTTGCAGTTG,4
CCGCAACGACCGAATT,1
TGCTTCGCCAATTCGG,4
TCCAACTTAATATTCG,6
TCGCCTGAAACTTAAC,2
CGTACGTCTTGCCGCT,4
TCGCATCTCGAGCTTC,3
ACTATACTCCTTGAGC,4
CCATGAAGACCATTAT,4
ACGTAAGTAATAAGGT,2
CCGCAACGTCATGCTG,2
TCCAACTTAGGACTCA,2
TCGCATCTAGAAGTAA,5
TCGCCTGACAATAGTC,3
TCGCCTGACCTTGAGC,2
ACTATACTGTTCAGAA,5
ACGTAAGTAGGACTCA,3
ACTATACTAGTCTCCG,3
TTCTAATGCATAGGCG,3
ACTATACTACCATTAT,5
ATGACCGATCCTTATT,5
ACGTAAGTTACTAAGT,2
CGTACGTCGTTCAGAA,4
ATGACCGATGAACCTT,2
CCGCAACGAGGACTCA,3
CGGATTACCCTTGAGC,3
TTCTAATGAGAAGTAA,3
ACTATACTCTATCGTT,3
CCGCAACGAGAAGTAA,3
CCATGAAGAATATTCG,2
CAACCGCGCCTTGAGC,3
ACGTAAGTCTGAGGTT,1
TCCAACTTCTGAGGTT,3
ATGACCGACCTTGAGC,3
